Name,Phone,Store Name,City,Country,Zip Code
Tannehill Promenade,(205) 216-6926,4921 Promenade Parkway,Bessemer,United States,35022
Riverchase Promenade,(205) 739-5944,1725 Montgomery Highway,Birmingham,United States,35244
Brook Highland Plaza,(205) 408-5213,5267 U.S. 280,Birmingham,United States,35242
Cahaba Homestead Villiage,(205) 661-0361,5463 Patrick Way,Birmingham,United States,35235
Cullman Shopping Center,(256) 736-5496,1230 Cullman Shopping Ctr NW,Cullman,United States,35055
Jubilee Square,(251) 316-5980,6850-13 Highway 90,Daphne,United States,36526
The Crossings of Decatur,(256) 301-5402,1241 Pointe Mallard Parkway,Decatur,United States,35601
Dothan,(334) 792-5144,3500 Ross Clark Cir,Dothan,United States,36303
Cox Creek Shopping Center,(256) 760-3589,390 Cox Creek Parkway,Florence,United States,35630
Riviera Square,(251) 943-0305,2528 S. McKenzie Street,Foley,United States,36535
Fultondale Promenade,(205) 849-2035,3453 Lowery Parkway,Fultondale,United States,35068
River Trace Center,(256) 543-0088,526 Meighan Blvd East,Gadsden,United States,35903
Valley Bend,(256) 880-5185,2750 Carl T. Jones Drive,Huntsville,United States,35802
Westside Center,(256) 971-9899,6275 University Drive Northwest,Huntsville,United States,35806
Jasper Square,(205) 533-7567,640 Hwy 78 E,Jasper,United States,35501
EastChase Crossing,(334) 274-0178,7670 East Chase Parkway,Montgomery,United States,36117
Tiger Town,(334) 409-6298,2221 Tiger Town Pkwy,Opelika,United States,36801
Oxford Commons,(256) 832-4033,50 Commons Way,Oxford,United States,36203
The Exchange at Prattville,(334) 290-2864,1472 Cotton Exchange,Prattville,United States,36066
Shoppes at Legacy Park,(205) 758-1081,1451 Dr. Edward Hillard Drive,Tuscaloosa,United States,35401
Chandler Festival,(480) 726-9865,2600 W Chandler Blvd,Chandler,United States,85224
Desert Ridge Market Place,(480) 542-9215,21001 N Tatum Blvd,Phoenix,United States,85050
Metro Square,(602) 375-1725,2782-A W. Peoria Ave,Phoenix,United States,85029
Arcadia Crossing,(602) 955-1416,4523 E. Thomas Rd.,Phoenix,United States,85018
Ahwatukee Foothills Towne Center,(480) 877-9256,"4619 E. Ray Rd., Ste. E3",Phoenix,United States,85044
Tempe Marketplace,(480) 967-5826,1800 E. Rio Salado Pkwy,Tempe,United States,85281
Arizona Mills Mall,(480) 542-9225,5000 Arizona Mills Cir.,Tempe,United States,85282
Alcoa Crossings,(501) 778-5519,7341 Alcoa Road,Bryant,United States,72022
Lewis Crossings,(501) 504-2654,1040 South Amity Road,Conway,United States,72032
Fairgrounds Crossing,(501) 289-3536,1446 Higdon Ferry Road,Hot Springs,United States,71913
Caraway Plaza,(870) 933-6621,1127 South Caraway Road,Jonesboro,United States,72401
Kroger Center,(501) 821-0171,16105 Chenal Parkway,Little Rock,United States,72223
McCain Plaza - Little Rock,(501) 214-5340,4206 E McCain Blvd,North Little Rock,United States,72117
Valley Park Centre,(479) 244-2059,3065 East Main Street,Russellville,United States,72802
Searcy City Center,(501) 279-1460,1321 Janet Street,Searcy,United States,72143
Alhambra Place,(626) 576-8739,2 South Garfield Avenue,Alhambra,United States,91801
Aliso Viejo Town Center,(949) 643-3501,26791 Aliso Creek Road B,Aliso Viejo,United States,92656
Anaheim Town Square,(714) 808-1974,2226 East Lincoln Avenue,Anaheim,United States,92806
Anaheim Plaza,(714) 491-7740,586 Euclid St,Anaheim,United States,92801
Bakersfield Plaza,(661) 852-0709,4310 California Ave,Bakersfield,United States,93304
Buena Park Place,(714) 690-2958,8371 La Palma Avenue,Buena Park,United States,90620
The Promenade at Downey,(562) 401-0345,9090 Apollo Way,Downey,United States,90242
Gateway Towne Center,(310) 635-0465,1785 Alameda Street,East Compton,United States,90220
Santa Fe Trail Plaza,(626) 582-8206,10683 Valley Boulevard,El Monte,United States,91731
Falcon Ridge Shopping Center,(909) 463-4378,15234 Summit Ave,Fontana,United States,92336
South Fontana Palm Court,(909) 829-1186,17084 Slover Avenue,Fontana,United States,92337
Fashion Fair Mall,(559) 400-0253,639 East Shaw,Fresno,United States,93710
Marketplace at River Park,(559) 400-0692,7628 North Blackstone Ave.,Fresno,United States,93720
Marketplace at El Paseo,No Found,"6467 Riverside Drive, Ste 112",Fresno,United States,93722
Promenade at Garden Grove,(657) 222-2895,9921 Chapman Ave,Garden Grove,United States,92841
Glendale Marketplace,(818) 244-5864,124 South Brand Boulevard,Glendale,United States,91204
Oceangate Commerce Center,(310) 978-8760,14350 Ocean Gate Ave,Hawthorne,United States,90250
Village West,(951) 282-2340,2999 W Florida Ave,Hemet,United States,92545
Indio Town Center,(760) 227-5120,42300 Jackson St,Indio,United States,92203
La Verne Towne Center,(909) 392-7896,2444 Foothill Boulevard,La Verne,United States,91750
Central Marketplace,(951) 245-9877,18438 Collier Avenue,Lake Elsinore,United States,92532
Valley Central,(661) 723-0451,44426 Valley Central Way,Lancaster,United States,93536
Lompoc Center,(805) 735-3249,613 N H Street,Lompoc,United States,93436
Montclair East,(909) 398-1941,5427 Moreno Street D,Montclair,United States,91763
Montebello Plaza,(323) 728-2792,2401 Via Campo,Montebello,United States,90640
Murrieta Town Center,(951) 461-0356,40473 Mureitta Hot Springs Rd,Murrieta,United States,92563
Pacific Coast Plaza,(760) 435-2039,2154 Vista Way,Oceanside,United States,92054
Ontario Mills Mall,(909) 466-8272,1 Mills Circle,Ontario,United States,91764
The Esplanade,(805) 278-8798,441 W. Esplanade Drive,Oxnard,United States,93036
Desert Crossing,(760) 340-6554,72-489 Highway 111,Palm Desert,United States,92260
Palmdale Marketplace,(661) 225-9810,39180 10th Street West,Palmdale,United States,93551
The Plant,(818) 779-0314,7880 Van Nuys Boulevard,Panorama City,United States,91402
Plaza De Perris,(951) 227-7323,1688 N Perris Blvd,Perris,United States,92571
Pico Rivera Towne Center,(562) 222-1715,8850 Washington Blvd,Pico Rivera,United States,90660
Porter Ranch Town Center,(818) 360-3775,19881 Rinaldi Street,Porter Ranch,United States,91326
Terra Vista Town Center,(909) 466-6809,10828 E. Foothill Blvd,Rancho Cucamonga,United States,91730
Citrus Plaza Shopping Center,(909) 307-5732,27592 W. Lugonia Ave,Redlands,United States,92374
Renaissance Marketplace,(909) 822-8036,1275 West Renaissance Parkway,Rialto,United States,92376
Mira Mesa Mall,(858) 547-7542,8138 Mira Mesa Blvd,San Diego,United States,92126
San Dimas Marketplace,(909) 305-1546,802 W. Arrow Hwy,San Dimas,United States,91773
The Crossroads at Santa Maria,(805) 345-3387,2342 South Bradley Road,Santa Maria,United States,93455
Simi Valley Town Center,(805) 579-7064,1555 Simi Town Center Way,Simi Valley,United States,93065
Azalea,(323) 564-2720,4849 Firestone Boulevard,South Gate,United States,90280
Valencia Marketplace,(661) 291-1501,25670 The Old Rd,Stevenson Ranch,United States,91381
Colonies Crossroads,(909) 608-9221,1263 E 19th Street,Upland,United States,91784
Gateway Plaza,(559) 635-1130,3729 South Mooney Boulevard,Visalia,United States,93277
The Quad at Whittier,(562) 359-4570,8512-A Painter Ave,Whittier,United States,90602
Danbury Square,(203) 744-8280,15 Backus Ave,Danbury,United States,06810
Killingly Commons,(860) 774-1758,2141 Killingly Commons Drive,Dayville,United States,06241
Enfield Commons,(860) 253-9465,25 Hazard Avenue,Enfield,United States,06082
Lisbon Landing,(860) 376-0208,160 River Road,Lisbon,United States,06351
Plaza at Buckland Hills,(860) 644-1760,1510 Pleasant Valley Rd,Manchester,United States,06040
Townline Square,(203) 379-5018,533 S. Broad Street,Meriden,United States,06450
Milford,(203) 874-0736,1397 Post Rd,Milford,United States,06461
North Haven Crossing,(203) 239-0617,410 Universal Drive North,North Haven,United States,06473
Darinor Plaza,(203) 299-0293,500 Connecticut Ave,Norwalk,United States,06854
Plainville Commons,(860) 747-5378,248-D New Britain Rd,Plainville,United States,06062
Hawley Lane Mall,(203) 375-4839,100 Hawley Ln,Trumbull,United States,06611
Brass Mill Center,(203) 573-9373,245 Union Street,Waterbury,United States,06706
Waterford Commons,(860) 437-3401,917 Hartford Turnpike,Waterford,United States,06385
Christiana Town Center,(302) 266-7139,335 West Main Street,Christiana,United States,19702
Dover Towne Center,(302) 735-4807,1574 North Dupont Highway,Dover,United States,19901
Concord Gallery,(302) 478-3970,3632 Concord Pike,Wilmington,United States,19803
Midway Plaza,(302) 999-8649,4615 Kirkwood Hwy,Wilmington,United States,19808
West Town Corners,(407) 389-8064,380 South State Road 434,Altamonte Springs,United States,32714
Wekiva Riverwalk,(407) 544-0818,2193 E Semoran Blvd,Apopka,United States,32703
Mission Bay,(561) 488-2155,20415 State Road,Boca Raton,United States,33498
Cortez Plaza East,(941) 727-7441,865 Cortez Rd W,Bradenton,United States,34207
Regency Square,(813) 651-2725,2424 West Brandon Boulevard,Brandon,United States,33511
Cortez Commons,(352) 597-1595,12928 Cortez Boulevard,Brooksville,United States,34613
Northpoint Shopping Center,(239) 772-3122,1837 NE Pine Island Rd,Cape Coral,United States,33909
Casselberry Commons,(407) 681-0098,1455 S Semoran Blvd,Casselberry,United States,32707
Sunset Point Shopping Center,(727) 669-1612,23678 US Highway 19 North,Clearwater,United States,33765
Tri City Plaza,(727) 531-1361,5060 East Bay Drive,Clearwater,United States,33764
Dania Pointe,(954) 417-0378,1720 S. Bearing Street,Dania,United States,33004
Posner Village,(863) 401-4074,1221 Posner Blvd.,Davenport,United States,33837
Davie Tower Shops,(954) 474-6930,2292 South University Drive,Davie,United States,33324
Daytona Beach,(386) 274-4770,1115 Cornerstone Boulevard,Daytona Beach,United States,32117
Deerfield Beach,(954) 429-1936,3768 W. Hillsboro Blvd,Deerfield Beach,United States,33442
Deland,(321) 273-8267,2701A South Woodland Boulevard,Deland,United States,32720
Shoppes at Paradise Key,(850) 399-2028,4429 Commons Dr E Suite D-1,Destin,United States,32541
Coconut Point Shopping,(239) 495-3497,8024 Mediterranean Drive,Estero,United States,33928
Riverbend Marketplace,(954) 797-2047,2400 W Broward Boulevard,Fort Lauderdale,United States,33312
Northridge Shopping Center,(954) 772-9461,997 E Commercial Blvd,Fort Lauderdale,United States,33334
Gulf Coast Town Center,(239) 256-7460,10002 Gulf Center Dr,Fort Myers,United States,33913
Page Field Commons,(239) 275-1053,4977 S. Cleveland Ave,Fort Myers,United States,33907
Uptown Station,(850) 301-0169,99 Eglin Parkway NE,Fort Walton Beach,United States,32548
Butler North,(352) 372-9347,3960 Plaza Boulevard,Gainesville,United States,32608
RK Diplomat Center,(954) 456-7170,1405 East Hallandale Blvd,Hallandale,United States,33009
Homestead Pavillion,(305) 246-5364,2651 NE 10 Ct.,Homestead,United States,33033
Market at Town Center,(904) 807-9453,4871 Town Center Parkway,Jacksonville,United States,32246
Argyle Village Shopping Center,(904) 772-6523,6001 Argyle Forest Blvd,Jacksonville,United States,32244
South Beach Regional Shopping Center,(904) 247-6067,3876-2 S. 3rd Street,Jacksonville Beach,United States,32250
St. Cloud,(407) 846-2613,2781 East Irlo Bronson Memorial Highway,Kissimmee,United States,34744
Rolling Oaks,(407) 239-1861,3229 Rolling Oaks Blvd,Kissimmee,United States,34747
Sunrise City Market,(407) 465-0810,3245 Vineland Road,Kissimmee,United States,34746
The Crosslands,(407) 846-1355,630 Centerview Blvd,Kissimmee,United States,34741
The Loop,(407) 544-0865,3204 N John Young Pkwy,Kissimmee,United States,34741
Gleason Place,(386) 754-1703,209 NW Hutton Drive,Lake City,United States,32055
Pinewood Square,(561) 433-4794,6316 Lantana Rd,Lake Worth,United States,33463
Lakeland Park Center,(863) 417-0995,919 Lakeland Park Center Dr,Lakeland,United States,33809
Largo Mall,(727) 501-9415,10500 Ulmerton Rd,Largo,United States,33771
Cypress Creek Town Center,(813) 909-7739,25659 Sierra Center Blvd,Lutz,United States,33559
West Melbourne,(321) 984-4148,1551 W New Haven Ave,Melbourne,United States,32904
Hammock Landing,(321) 956-9447,205 Palm Bay Road NW,Melbourne,United States,32904
Viera Shops,(321) 631-0814,7171 Lake Andrew Drive,Melbourne,United States,32940
Kendall Mall,(305) 275-4364,10600 N Kendall Drive,Miami,United States,33176
Colonial Palms Plaza,(305) 971-9709,13611 South Dixie Highway,Miami,United States,33176
South Dade Shopping Center,(305) 238-7614,18447 S. Dixie Highway,Miami,United States,33157
Shops at Beacon Lakes,(786) 629-8588,1870 NW 117th Place,Miami,United States,33182
Southland Mall,(786) 524-1024,20505 South Dixie Hwy,Miami,United States,33189
Mall of the Americas,(786) 204-3746,7795 West Flagler St,Miami,United States,33144
Westchester Shopping Center,(305) 269-1032,8601 SW 24th Street,Miami,United States,33155
Miami Gardens Promenade,(305) 622-2671,17968 NW 27th Avenue,Miami Gardens,United States,33056
Carillon Place,(239) 256-7458,5050 Airport-Pulling Rd,Naples,United States,34105
The Village at Mitchell Ranch,(727) 645-6410,8960 Strength Avenue,New Port Richey,United States,34655
Causeway Plaza,(305) 892-6743,12195 Biscayne Blvd,North Miami,United States,33181
Cocoplum Village,(941) 426-9567,18299 South Tamiami Trail,North Port,United States,34287
Gaitway Plaza,(352) 237-3813,2701 SW College Road,Ocala,United States,34474
Woodlands Square,(727) 263-2803,3130 Tampa Road,Oldsmar,United States,34677
West Volusia Towne Center,(386) 851-0862,937 Harley Strickland Blvd.,Orange City,United States,32763
Vineland Pointe,(407) 465-0246,11613 Regency Village Drive,Orlando,United States,32821
Southchase Village,(321) 273-8264,12339 South Orange Blossom Trail,Orlando,United States,32837
Colonial Plaza,(407) 898-0881,2522-B East Colonial Drive,Orlando,United States,32803
Waterford Lakes Town Center,(407) 273-5678,379 N Alafaya Trail,Orlando,United States,32828
Millenia Plaza,(407) 248-8588,4649 Millenia Plaza Way,Orlando,United States,32839
International Drive Value Center,(407) 363-5345,5295 International Drive,Orlando,United States,32819
Lee Vista Promenade,(407) 857-6460,6625 Eagle Watch Drive,Orlando,United States,32812
Northlake Commons,(561) 694-0759,3926 Northlake Blvd,Palm Beach Gardens,United States,33403
Pier Park North,(850) 233-6186,15700 Panama City Beach Parkway,Panama City Beach,United States,32413
Pembroke Crossing,(954) 885-8915,11954 Pines Blvd,Pembroke Pines,United States,33027
Westfork Plaza,(954) 432-8853,15881 Pines Blvd.,Pembroke Pines,United States,33027
Cordova Commons,(850) 299-9459,1654 Airport Blvd Unit,Pensacola,United States,32504
Lake Walden Square,(813) 752-5326,223 West Alexander Street,Plant City,United States,33563
Landings at Tradition,(772) 236-3706,10762 Southwest Village Parkway,Port St. Lucie,United States,34987
Coral Sky Plaza,(561) 784-4077,520 North State Rd. 7,Royal Palm Beach,United States,33411
The Pavilion at Durbin Park,(904) 230-0226,675 Durbin Pavilion Drive,Saint Johns,United States,32259
Tyrone Square Mall,(727) 302-5426,6665 22nd Avenue N,Saint Petersburg,United States,33710
Gateway Market Center,(727) 217-0895,7715 9th Street North,Saint Petersburg,United States,33702
Marketplace at Seminole Town Center,(407) 323-1096,1771 Wp Ball Park Blvd,Sanford,United States,32771
Sarasota Pavilion,(941) 924-6294,6571 S Tamiami Trail,Sarasota,United States,34231
The Shoppes at UTC,(941) 351-8695,8249 Cooper Creek Blvd,Sarasota,United States,34201
Seminole City Center,(727) 319-0396,7931 113th St. North,Seminole,United States,33772
Stuart Center,(772) 463-8323,2321 S Federal Hwy,Stuart,United States,34994
Sawgrass Square,(954) 839-2591,12620 W Sunrise Blvd.,Sunrise,United States,33323
Governor's Marketplace,(850) 402-0216,1544 Governors Square Boulevard,Tallahassee,United States,32301
Midway Plaza,(954) 721-5670,5767 N University Dr,Tamarac,United States,33321
Plaza at Citrus Park,(813) 920-4427,12845 Citrus Plaza Drive,Tampa,United States,33625
North Pointe Plaza,(813) 962-1309,15003 N Dale Mabry Hwy,Tampa,United States,33618
Marketplace at the Outlets,(561) 689-9556,1875 Palm Beach Lakes Blvd,West Palm Beach,United States,33401
Pine Trail Square,(561) 461-2531,1951 N Military Trl,West Palm Beach,United States,33409
Winter Park,(407) 647-0128,501 N. Orlando Ave,Winter Park,United States,32789
Promenade at Tuskawilla,(407) 544-4034,1425 Tuskawilla Rd,Winter Springs,United States,32708
Villages of Amelia,(904) 491-4960,463935 East State Road 200,Yulee,United States,32097
Gander Redevelopment,(229) 213-6148,842 N Westover Blvd,Albany,United States,31707
Mansell Crossings,(770) 650-0677,7591 North Point Parkway,Alpharetta,United States,30022
Epps Bridge Centre,(706) 354-2987,1791 Oconee Connector,Athens,United States,30606
Perimeter Point,(770) 481-0425,1155 Mount Vernon Hwy,Atlanta,United States,30338
Akers Mill Square,(678) 398-4192,2955 Cobb Parkway NE,Atlanta,United States,30339
Barrow Crossings,(678) 963-2617,916 Loganville Hwy,Bethlehem,United States,30620
Canal Crossing,(912) 554-1648,10450 Canal Crossing,Brunswick,United States,31525
Marketplace at Millcreek,(770) 831-9405,1600 Mall Of Georgia Blvd,Buford,United States,30519
Canton Marketplace,(678) 493-5485,1810 Cumming Highway,Canton,United States,30114
Chamblee Plaza,(770) 457-7151,5480 Peachtree Blvd.,Chamblee,United States,30341
Columbus Park Crossing,(762) 585-2085,5550 Whittlesey Blvd,Columbus,United States,31909
Conyers Crossroads,(770) 918-5124,1486 Dogwood Drive,Conyers,United States,30013
Town Center-Cumming,(770) 205-6674,2435 Market Place Blvd,Cumming,United States,30041
Dawson Marketplace,(706) 719-0247,136 Marketplace Parkway,Dawsonville,United States,30534
Douglasville Pavillion,(770) 949-2419,2920 Chapel Hill Road,Douglasville,United States,30135
Gwinnett Marketfair,(470) 243-7252,3675 Satellite Boulevard,Duluth,United States,30096
Camp Creek Marketplace,(404) 629-5954,3612 Marketplace Boulevard,East Point,United States,30344
Mullins Crossing,(706) 868-1353,4225 Washington Rd,Evans,United States,30809
Fayette Pavillon,(770) 461-3438,110 Pavilion Pkwy,Fayetteville,United States,30214
North Lake Square,(770) 718-0965,1154 Dawsonville Hwy,Gainesville,United States,30501
Oglethorpe Square,(912) 369-0912,863 Oglethorpe Highway,Hinesville,United States,31313
Hiram Pavilion,(770) 439-6490,4904 Jimmy Lee Smith Parkway,Hiram,United States,30141
John's Creek Village,(678) 584-1092,11720 Medlock Bridge Road,Johns Creek,United States,30097
Town Center Commons,(770) 425-2849,667 Ernest W Barrett Parkway Northwest,Kennesaw,United States,30144
North Macon Promenade,(478) 345-8553,1625 Bass Road,Macon,United States,31210
East Cobb Providence Square,(770) 579-0313,4101 Roswell Road,Marietta,United States,30062
McDonough,(678) 583-3467,1550 Georgia 20,McDonough,United States,30253
Milledgeville Mall,(478) 345-8569,2400 North Columbia St.,Milledgeville,United States,31061
Newnan Pavilion,(770) 253-2803,1078 Bullsboro Drive,Newnan,United States,30265
The Overlook,(678) 364-9915,210 Line Creek Drive,Peachtree City,United States,30269
Pooler Pointe,(912) 450-0505,201 Tanger Outlets Blvd.,Pooler,United States,31322
Savannah Centre,(912) 352-4345,7400 Abercorn St,Savannah,United States,31406
Presidential Commons,(770) 979-1574,1630 Scenic Highway,Snellville,United States,30078
Statesboro Crossing,(912) 489-2681,393 Henry Boulevard,Statesboro,United States,30458
Woodstock,(678) 445-3178,122 Woodstock Square Ave.,Woodstock,United States,30189
Oakridge Court,(847) 658-4508,802 S Randall Road,Algonquin,United States,60102
Bloomingdale,(630) 893-8879,346 West Army Trail Road,Bloomingdale,United States,60108
Empire Crossing,(309) 661-1393,1500 East Empire Street,Bloomington,United States,61701
Bradley Commons,(815) 936-6254,2066 Il-50,Bradley,United States,60914
University Place,(618) 351-1809,1312 E Main Street,Carbondale,United States,62901
Riverpoint Center,(773) 472-7790,1730 West Fullerton Avenue,Chicago,United States,60614
Kennedy Plaza,(773) 267-2534,3302 W. Belmont Avenue,Chicago,United States,60618
Lincoln Village,(773) 455-1205,6133 N Lincoln Avenue,Chicago,United States,60659
The Brickyard,(773) 622-6810,6451 West Diversey Avenue,Chicago,United States,60707
Ford City Mall,(773) 581-7731,7601 South Cicero Avenue,Chicago,United States,60652
Commons of Chicago Ridge,(708) 424-0665,242 Commons Drive,Chicago Ridge,United States,60415
Cicero Marketplace,(708) 222-6680,3027 S. Cicero Ave,Cicero,United States,60804
Countryside Plaza,(708) 482-0975,30 Countryside Plz,Countryside,United States,60525
Bohl Farm,(815) 356-6093,5460 North West Highway,Crystal Lake,United States,60014
Oakland Place Shopping Center,(815) 748-4598,2345 Sycamore Road,Dekalb,United States,60115
Finley Square,(630) 705-1760,1554 Butterfield Rd.,Downers Grove,United States,60515
Main Street Marketplace,(773) 694-4574,2400 Main Street,Evanston,United States,60202
Evergreen Park Plaza,(708) 229-0274,9680 South Western Avenue,Evergreen Park,United States,60805
Lincoln Plaza,(618) 277-7392,5927 North Illinois St,Fairview Heights,United States,62208
Walmart Redevelopment,(309) 343-1904,2049 National Boulevard,Galesburg,United States,61401
Randall Square,(630) 208-0876,1520 South Randall Road,Geneva,United States,60134
Gurnee Town Center,(847) 855-1583,6170 Grand Avenue,Gurnee,United States,60031
Poplar Creek,(847) 645-0711,2640 N Sutton Road,Hoffman Estates,United States,60192
Washington Park Plaza,(708) 957-1921,17920 South Halstead,Homewood,United States,60430
Joliet Commons,(815) 254-1863,2721 Plainfield Road,Joliet,United States,60435
Village Square Shopping Center,(847) 550-0843,727 West Route 22,Lake Zurich,United States,60047
Machesney Park,(779) 201-3131,1007 West Lane Rd,Machesney Park,United States,61115
The Shops at Fox River,(815) 385-0067,3414 Shoppers Drive,McHenry,United States,60050
Winston Plaza,(708) 344-1020,1314 Winston Plaza,Melrose Park,United States,60160
Crestwood Rivercrest Shopping Center,(708) 385-8207,13210 South Cicero Avenue,Midlothian,United States,60445
Mount Prospect Plaza,(847) 242-8810,1121 Mount Prospect Plaza,Mount Prospect,United States,60056
Westridge Court,(630) 548-9178,2707 Aurora Avenue,Naperville,United States,60540
Four Flagg Shopping Center,(847) 470-0956,8261 W. Golf Road,Niles,United States,60714
North Riverside,(708) 442-5146,7501 W Cermak Rd,North Riverside,United States,60546
Orland Towne Center,(708) 403-2185,9275 W. 159th Street,Orland Hills,United States,60487
Prairie Market Shopping Center,(630) 554-1924,2480 Route 34,Oswego,United States,60543
Deer Grove Center,(847) 991-0590,663 East Dundee Rd,Palatine,United States,60074
Glen Hollow Shopping Center,(309) 693-2270,5001 N Big Hollow Rd,Peoria,United States,61615
Prairie Crossing Shopping Center,(217) 228-7221,6008 Broadway Street,Quincy,United States,62305
Forest Plaza (Rockford),(815) 394-1870,6403 East State Street,Rockford,United States,61108
Woodfield Village Green,(847) 995-0415,1468 E Golf Rd,Schaumburg,United States,60173
Village Crossing,(847) 329-0508,5415 W. Touhy Avenue,Skokie,United States,60077
White Oaks Plaza,(217) 546-7952,2757 Veterans Pkwy,Springfield,United States,62704
Main Street Commons,(630) 513-6437,3547 East Main Street,St. Charles,United States,60174
Brookside Marketplace,(815) 464-8268,7400 West 191st Street,Tinley Park,United States,60487
Hawthorn Hills Fashion Center,(847) 549-0542,700 N. Milwaukee Avenue,Vernon Hills,United States,60061
Woodgrove Festival,(630) 985-4626,1001 W. 75th Street,Woodridge,United States,60517
Whitehall Crossing,(812) 339-8328,140 N Gates Drive,Bloomington,United States,47404
Village Park Plaza,(317) 844-4502,1950 - 4 East Greyhound Pass,Carmel,United States,46033
Columbus Center,(812) 375-0496,3060 Columbus Center,Columbus,United States,47203
Shoppes on Six,(574) 206-9365,205 Country Road 6E,Elkhart,United States,46514
Evansville Pavilion,(812) 602-5861,6501 East Lloyd Expressway,Evansville,United States,47715
Orchard Crossing Shopping Center,(260) 432-6096,1034 S Thomas Rd,Fort Wayne,United States,46804
The Willows and Goshen Shops,(574) 875-4761,3818 Midway Road,Goshen,United States,46526
Greenwood Shopping Center,(317) 881-7037,8740 U.S. 31,Greenwood,United States,46142
Highland Grove Shopping Center,(219) 924-2843,10335 Indianapolis Boulevard,Highland,United States,46322
College Park Plaza,(317) 228-9010,3495 West 86th Street,Indianapolis,United States,46268
Castleton Crossing,(317) 913-9328,5540 E 82nd St,Indianapolis,United States,46250
Speedway Super Center,(317) 243-2778,5698 Crawfordsville Road,Indianapolis,United States,46224
Cherry Tree Plaza,(317) 897-8320,9985 East Washington St,Indianapolis,United States,46229
Jeffersonville Town Center,(812) 285-1081,4241 Town Center Blvd,Jeffersonville,United States,47130
Markland Plaza,(765) 457-1029,1423 S. Reed Road,Kokomo,United States,46902
Lafayette Pavilions,(765) 446-1775,100 S Creasy Lane,Lafayette,United States,47905
Merrillville Plaza,(219) 793-9529,1962-1988 E. 80th Street,Merrillville,United States,46410
Dunes Plaza Shopping Center,(219) 879-8431,220 Dunes Plaza,Michigan City,United States,46360
University Center,(574) 273-0506,6502 Grape Road,Mishawaka,United States,46544
Muncie Marketplace,(765) 287-8021,636 East McGallard Road,Muncie,United States,47305
The Marketplace at Saxony,(317) 593-0562,14120 Brooks School Road,Noblesville,United States,46060
Plainfield Commons,(317) 837-5133,2685 East Main Street,Plainfield,United States,46168
South Towne,(812) 234-1663,3092 S US Highway 41,Terre Haute,United States,47802
Porter's Vale,(219) 462-5512,110 Porters Vale Blvd,Valparaiso,United States,46383
The Marketplace at Anson,(317) 769-2142,6140 Mills Drive,Whitestown,United States,46075
Collins Crossing,(319) 373-4435,180 Collins Road Northeast,Cedar Rapids,United States,52402
Coral Ridge Mall,(319) 625-2078,1451 Coral Ridge Avenue,Coralville,United States,52241
Metro Crossing,(712) 366-9747,3815 Metro Drive,Council Bluffs,United States,51501
Village Shopping Center,(563) 204-6347,902 W Kimberly Road,Davenport,United States,52806
Merle Hay Mall,(515) 298-5405,3850 Merle Hay Rd,Des Moines,United States,50310
Asbury Plaza,(563) 582-5424,2535 NW Arterial,Dubuque,United States,52002
Lakeport Commons,(712) 266-0901,5001 Sergeant Road,Sioux City,United States,51106
Watertower Place,(515) 221-9626,4100 University Avenue,West Des Moines,United States,50266
Schulman Crossing,(620) 275-0169,1740 Larue Road,Garden City,United States,67846
Wyandotte Plaza,(913) 299-8266,7734 State Ave,Kansas City,United States,66112
JCP Redevelopment,(785) 749-1478,3311 S Iowa Street,Lawrence,United States,66046
Manhattan,(785) 539-8630,417 East Poyntz Avenue,Manhattan,United States,66502
Olathe Pointe Shopping Center,(913) 393-5420,14635 W 119th St,Olathe,United States,66062
Mid State Plaza,(785) 825-1986,2450 S 9th St.,Salina,United States,67401
Wanamaker Shopping Center,(785) 329-0080,1740 SW Wanamaker,Topeka,United States,66604
Greenwich Place,(316) 634-1707,2702 N Greenwich St,Wichita,United States,67226
Central Park Plaza,(316) 721-5274,2710 N Maize Rd,Wichita,United States,67205
Campbell Lane Shopping Center,(270) 782-8119,1865 Campbell Lane,Bowling Green,United States,42104
Florence Square,(859) 282-0286,7665 Mall Road,Florence,United States,41042
Parkside Center,(502) 695-1991,7000 John Davis Drive,Frankfort,United States,40601
Hopkinsville Towne Center,(270) 887-5614,4829 Fort Campbell Blvd,Hopkinsville,United States,42240
Regency Center,(859) 260-8666,150 W Lowry Lane,Lexington,United States,40503
Hamburg Pavilion,(859) 354-2067,1984 Pavilion Way,Lexington,United States,40509
London Marketplace,(606) 259-4541,1710 West Highway 192,London,United States,40741
Middletown Commons,(502) 244-7646,13401 Shelbyville Road,Louisville,United States,40243
Jefferson Commons,(502) 966-6039,5001 Outer Loop,Louisville,United States,40219
Owensboro Towne Center,(270) 684-8715,5099 Frederica Street,Owensboro,United States,42301
Kentucky Oaks Mall,(270) 297-4835,5101 Hinkleville Rd,Paducah,United States,42001
Siegen Plaza,(225) 368-4890,6865 Siegen Lane A,Baton Rouge,United States,70809
River Chase,(985) 893-5295,69328 Highway 21,Covington,United States,70433
Juban Crossing,(225) 665-3764,10130 Crossing Way,Denham Springs,United States,70726
Cornerview Plaza,(225) 401-1880,115 S Airline Hwy,Gonzales,United States,70737
Hammond Square,(985) 298-8278,1918 Hammond Square Drive,Hammond,United States,70403
Westbank Village,(504) 517-1633,1500 Westbank Expressway,Harvey,United States,70058
Houma Crossing,(985) 876-8460,1779 Martin Luther King Blvd,Houma,United States,70360
Ambassador Town Center,(337) 991-3768,111 Meadow Farm Road,Lafayette,United States,70508
Westgate SC,(504) 576-9233,8855 Veterans Memorial Boulevard,Metairie,United States,70003
Pecanland Plaza,(318) 327-3259,4429 Pecanland Mall Dr.,Monroe,United States,71203
Elmwood Center,(504) 731-8718,1200 S Clearview Pkwy,New Orleans,United States,70123
Magnolia Marketplace,(504) 605-1560,2900 S Claiborne Ave,New Orleans,United States,70125
Algiers Plaza,(504) 369-3077,3034 Holiday Drive,New Orleans,United States,70131
Ruston Marketplace,(318) 251-8386,1226 Woodward Avenue,Ruston,United States,71270
Eastgate Shopping Center,(318) 797-5790,1712 E. 70th Street,Shreveport,United States,71105
Fremaux Towne Center,(985) 649-7633,620 Town Center Parkway,Slidell,United States,70458
Marketplace at Augusta,(207) 621-0078,80 Steven King Dr.,Augusta,United States,04330
Mallside Plaza,(207) 761-0302,198 Maine Mall Rd,South Portland,United States,04106
Festival at Riva,(410) 897-8401,2313 Forest Drive,Annapolis,United States,21401
Canton Crossing,(410) 327-2101,3531 Boston Street,Baltimore,United States,21224
Reisterstown Road Plaza,(410) 318-6471,6512 Reisterstown Road A,Baltimore,United States,21215
Festival at Bel Air,(410) 569-4621,5 Bel Air South Parkway,Bel Air,United States,21015
The Shoppes at Bowie Town Center,(301) 464-5313,3855 Evergreen Parkway,Bowie,United States,20716
First Colony Center,(301) 862-2850,45033 Worth Ave,California,United States,20619
West Plaza,(410) 747-4898,6459 Baltimore National Pike,Catonsville,United States,21228
Woodyard Crossing,(301) 877-4075,8775 Branch Ave,Clinton,United States,20735
Hunt Valley Town Centre,(410) 329-1524,118 Shawan Road M1,Cockeysville,United States,21030
Centre at Forestville,(301) 736-1281,3101 Donnell Drive,District Heights,United States,20747
Easton Marketplace,(410) 927-3579,219 Marlboro Ave,Easton,United States,21601
Gateway Overlook,(410) 312-0444,8261 Gateway Overlook Dr,Elkridge,United States,21075
Frederick Crossing,(301) 631-8178,7246 Guilford Dr,Frederick,United States,21704
Kentlands Marketplace,(301) 869-3640,202 Kentlands Blvd,Gaithersburg,United States,20878
Waugh Chapel Towne Centre,(410) 451-1472,1417 South Main Chapel,Gambrills,United States,21054
Germantown Commons,(301) 540-4213,12970 Middlebrook Road,Germantown,United States,20874
Chesapeake Square,(410) 766-0364,6714-A2 Ritchie Highway,Glen Burnie,United States,21061
Beltway Plaza,(301) 345-2670,6000 Greenbelt Road,Greenbelt,United States,20770
Shoppes at Hagerstown,(301) 766-7956,18057 Garland Groh Blvd,Hagerstown,United States,21740
Arundel Mills Mall,(410) 379-8357,7000 Arundel Mills Circle,Hanover,United States,21076
Mall at Prince Georges,(301) 853-0647,3500 East West Highway,Hyattsville,United States,20782
Laurel Lakes Centre,(301) 490-5680,14260A Baltimore Avenue,Laurel,United States,20707
Nottingham Commons,(410) 931-3703,5275 Campbell Blvd,Nottingham,United States,21236
White Marlin Mall,(410) 213-7791,12641 Ocean Gateway,Ocean City,United States,21842
Mill Station,(410) 657-0961,10246 Mill Run Circle,Owings Mills,United States,21117
Congressional North,(301) 881-8385,1503 Rockville Pike,Rockville,United States,20852
The Center at Golden Ring,(410) 686-0109,8640 Pulaski Highway,Rosedale,United States,21237
The Commons,(410) 546-1239,127 East North Pointe Drive D,Salisbury,United States,21804
Park Plaza,(410) 544-7526,558M Gov Ritchie Highway,Severna Park,United States,21146
Aspen Hill Shopping Center,(301) 598-2057,13661 Connecticut Avenue,Silver Spring,United States,20906
Elsworth Place,(301) 587-1752,8661 Colesville Road,Silver Spring,United States,20910
Eldersburg Crossing,(410) 549-1930,1320 Liberty Rd,Sykesville,United States,21784
Goucher Commons,(410) 825-0413,803 Goucher Blvd,Towson,United States,21204
Largo Plaza,(301) 324-0106,10486 Campus Way South,Upper Marlboro,United States,20774
The Shops at Waldorf,(301) 885-0650,3011 Festival Way,Waldorf,United States,20601
Crossroads Square,(410) 857-3817,625C Baltimore Blvd.,Westminster,United States,21157
Marketplace at Braintree,(781) 356-9061,255 Grossman Dr,Braintree,United States,02184
Chicopee Marketplace,(413) 593-3175,591 Memorial Drive,Chicopee,United States,01020
Liberty Tree Mall,(978) 774-3990,100 Independence Way,Danvers,United States,01923
Dartmouth Mall,(508) 999-1397,85 North Dartmouth Mall,Dartmouth,United States,02747
Dedham Mall,(781) 326-7604,340 Providence Highway,Dedham,United States,02026
Gateway Center,(617) 387-0103,13 Mystic View Road,Everett,United States,02149
SouthCoast Marketplace,(774) 294-5054,510 William Canning Blvd,Fall River,United States,02722
Highland Commons,(978) 567-5806,30 Highland Commons East,Hudson,United States,01749
Capetown Plaza,(508) 790-5748,790 Iyanough Road,Hyannis,United States,02601
Water Tower Plaza,(978) 466-3417,56 Watertower Plaza,Leominster,United States,01453
Meadow Brook Center,(978) 453-2989,199 Plain St,Lowell,United States,01852
Mansfield Crossing,(508) 339-1832,280 School Street,Mansfield,United States,02048
Sherwood Plaza,(508) 655-0256,1324 Worcester Street,Natick,United States,01760
North Attleboro,(508) 699-2937,1250 S Washington Street,North Attleboro,United States,02760
Berkshire Crossing,(413) 442-2082,555 Hubbard Avenue,Pittsfield,United States,01201
Saugus,(781) 231-4789,444 Broadway,Saugus,United States,01906
RK Plaza,(781) 344-4786,1334 Park Street,Stoughton,United States,02072
Riverdale Shops,(413) 737-1928,935 Riverdale Street,West Springfield,United States,01089
Allen Park,(313) 982-9157,3140 Fairlane Drive,Allen Park,United States,48101
Ann Arbor West Maple Village,(734) 222-0024,345 N Maple Rd,Ann Arbor,United States,48103
Arborland,(734) 975-0742,3529 Washtenaw Avenue,Ann Arbor,United States,48104
Harper Village,(269) 979-7595,12765 Harper Village Dr,Battle Creek,United States,49014
Fairplain Plaza,(269) 925-4856,970 E. Napier Avenue,Benton Harbor,United States,49022
Bloomfield Town Square,(248) 451-0480,2145 S. Telegraph Rd,Bloomfield Hills,United States,48302
Brighton,(810) 229-4350,9520 Village Place Blvd,Brighton,United States,48116
Willow Creek Shopping Center,(734) 844-0583,41864 Ford Rd,Canton,United States,48187
Premier Center,(734) 349-1264,45750 Michigan Ave,Canton,United States,48188
Waterside Marketplace,(586) 598-4930,50579 Waterside Drive,Chesterfield,United States,48051
Fairlane Meadows,(313) 982-3192,16001 Ford Road,Dearborn,United States,48126
Gateway Marketplace,(313) 368-2664,2015 W 8 Mile Rd,Detroit,United States,48220
Hunters Square,(248) 737-5174,31065 Orchard Lake Road,Farmington Hills,United States,48334
Fenton,(810) 714-4011,18095 Silver Parkway,Fenton,United States,48430
Pirate Plaza,(810) 732-0455,4085 Miller Road,Flint,United States,48507
Birchwood Mall,(810) 385-2705,4350 24th Street,Fort Gratiot,United States,48059
Knapps Crossing,(616) 447-8023,2076 E. Beltline Ave NE,Grand Rapids,United States,49525
Greenridge Square,(616) 647-4904,3330 Alpine Ave NW,Grand Rapids,United States,49544
Centerpointe Mall,(616) 974-1032,3545 28th Street SE,Grand Rapids,United States,49512
Grandville Market Place,(616) 534-6211,4485 Canal Ave SW,Grandville,United States,49418
Riley Center,(616) 399-4010,3530 West Shore Drive,Holland,United States,49424
Jackson Crossing,(517) 784-0359,1100 Jackson Crossing Ave,Jackson,United States,49202
Maple Hill Mall,(269) 382-5202,5210 W Main St,Kalamazoo,United States,49009
Marketplace at Delta,(517) 622-1387,333B North Marketplace Boulevard,Lansing,United States,48917
Edgewood Towne Center,(517) 234-5292,462 E Edgewood Blvd,Lansing,United States,48911
Frandor,(517) 333-1870,511 Mall Ct,Lansing,United States,48912
Millenium Park,(734) 425-2430,13212 Middlebelt Road,Livonia,United States,48150
Midland Ventures,(989) 839-4138,905 Joe Mann Blvd,Midland,United States,48642
Telegraph Plaza,(734) 457-5091,2141 Mall Drive,Monroe,United States,48162
Indian Hills Plaza,(989) 772-7247,4176 E Blue Grass Road,Mount Pleasant,United States,48858
Lakeshore Marketplace,(231) 798-0272,5313 South Harvey Street,Muskegon Heights,United States,49444
Northville Retail Center,(248) 305-8047,17631 Haggerty Highway,Northville,United States,48168
West Oaks II,(248) 305-9419,43514 W. Oaks Ave,Novi,United States,48377
Meridian Towne Center,(517) 381-3414,4904 Marsh Road,Okemos,United States,48864
Baldwin Commons,(248) 391-1585,4814 S. Baldwin Road,Orion,United States,48359
Southland Shopping Center,(269) 329-1380,6284 S. Westnedge Ave,Portage,United States,49024
Hampton Village Center,(248) 853-5731,2897 S. Rochester Rd.,Rochester Hills,United States,48307
Roseville Towne Center,(586) 771-0026,28794 Gratiot Ave,Roseville,United States,48066
Macomb Mall,(586) 296-6160,32469 Gratiot Ave,Roseville,United States,48066
West Valley,(989) 790-2165,3435 Tittabawassee Road,Saginaw,United States,48604
The Shops at Stony Creek,(586) 781-3422,7526 26 Mile Road,Shelby Township,United States,48316
Shelby Town Center,(586) 566-1070,14215 Hall Road,Shelby charter Township,United States,48315
Crossings at Taylor,(734) 287-5156,23853 Eureka Road,Taylor,United States,48180
Oakland Square,(248) 577-1179,520 John R Road,Troy,United States,48083
Tech Plaza,(586) 558-9018,8317 East 12 Mile Rd,Warren,United States,48093
West Ridge Shopping Center,(734) 728-4629,35635 Warren Road,Westland,United States,48185
Woodhaven Commons,(734) 362-0164,19211 West Road,Woodhaven,United States,48183
Apple Valley Square,(952) 431-5770,15109 Cedar Ave,Apple Valley,United States,55124
Austin Marketplace,(507) 242-3100,1001 18th Ave,Austin,United States,55912
Village of Blaine,(763) 284-2972,4255 Pheasant Ridge Dr NE,Blaine,United States,55449
Mall of America,(952) 854-5340,334 E Broadway,Bloomington,United States,55425
Shingle Creek Crossing,(763) 561-1800,1300 Shingle Creek Crossing,Brooklyn Center,United States,55430
Riverdale Commons,(763) 421-1731,3324 124th Ave. NW,Coon Rapids,United States,55433
Central Park Commons,(651) 454-5962,1400 Central Park Commons Drive,Eagan,United States,55121
Mankato Heights Plaza,(507) 345-6029,1901 Madison Avenue,Mankato,United States,56001
Maple Grove Crossing,(763) 416-0835,8036 Wedgewood Lane N.,Maple Grove,United States,55369
The Quarry,(612) 421-0690,1520 New Brighton Blvd,Minneapolis,United States,55413
Southtown Shopping Center,(952) 206-6160,7971 Southtown Center,Minneapolis,United States,55431
Knollwood,(952) 938-2052,8906 Highway 7,Minneapolis,United States,55426
Broadway Commons,(507) 282-7863,80 25th Street Southeast,Rochester,United States,55904
Rosedale Commons,(651) 243-7771,2480 Fairview Ave N,Roseville,United States,55113
Tamarack Village,(651) 362-5640,8312 Tamarack Village,Saint Paul,United States,55125
Marketplace Shopping Center,(320) 253-0042,20 2nd Street South,St Cloud-Waite Park,United States,56387
Stillwater Marketplace,(651) 439-5835,1901 Market Drive,Stillwater,United States,55082
The Promenade,(228) 256-0045,3944-A Promenade Parkway,D'Iberville,United States,39540
Dogwood Festival,(601) 992-1393,136 Dogwood Boulevard,Flowood,United States,39232
Crossroads Center,(228) 831-5389,15128 Crossroads Parkway,Gulfport,United States,39503
Olive Branch Commons,(662) 893-0008,5135 Goodman Rd,Olive Branch,United States,38654
Oxford Galleria II,(662) 234-4812,2600 Jackson Avenue West,Oxford,United States,38655
King's Crossing Shopping Center,(662) 844-5881,893 Barnes Crossing Road,Tupelo,United States,38804
Central Plaza,(636) 527-0300,15341 Manchester Rd,Ballwin,United States,63011
Belton Gateway,(816) 331-1945,545 E. Markey Parkway,Belton,United States,64012
Adams Dairy Landing,(816) 229-2335,1016 NE Coronado Dr,Blue Springs,United States,64014
Lambert Plaza,(573) 335-0042,157 Siemers Drive,Cape Girardeau,United States,63701
Chesterfield Commons East,(636) 536-0728,54 Thf Boulevard,Chesterfield,United States,63005
Gravois Bluffs,(636) 326-1542,193 Gravois Bluffs Plaza Drive,Fenton,United States,63026
Target Plaza,(314) 830-2685,2423 N. Hwy. 67,Florissant,United States,63033
Truman's Marketplace,(816) 765-0948,12250 15th St,Grandview,United States,64030
Independence Commons,(816) 795-1633,19010 East 39th Street South,Independence,United States,64057
Stoneridge Village,(573) 761-5122,735 Stoneridge Pkwy,Jefferson City,United States,65109
Ward Parkway Center,(816) 444-0804,8600 Ward Parkway,Kansas City,United States,64114
Tiffany Springs Market Center,(816) 584-2633,8960 NW Skyview,Kansas City,United States,64154
Liberty Commons,(816) 415-3824,245 S. Stewart Road,Liberty,United States,64068
O'Fallon Walk Shopping Center,(636) 281-0614,2209 Highway K,O Fallon,United States,63368
Eight Points,(573) 686-7572,3055 Oak Grove Road,Poplar Bluff,United States,63901
The Shoppes of Mid River,(636) 278-1034,5206 I-70 Service Rd,Saint Peters,United States,63367
Primrose Marketplace,(417) 886-2983,3500 S Glenstone Ave,Springfield,United States,65804
Springfield Plaza,(417) 283-4740,3880 W Washita,Springfield,United States,65807
Shops at North Village,(816) 279-9098,5201 N Belt Highway,St. Joseph,United States,64506
Plaza at Sunset Hills,(314) 966-1091,10800 Sunset Hills Plaza,St. Louis,United States,63127
Brentwood Promenade,(314) 918-1596,83 Brentwood Promenade Ct,St Louis,United States,63144
Phoenix Center,(636) 390-3986,1905 Vernaci Drive,Washington,United States,63090
Wentzville Crossroads,(636) 205-1600,1247 West Pearce Blvd.,Wentzville,United States,63385
Wolf Creek,(402) 292-2511,10515 S. 15th Street,Bellevue,United States,68123
Kearney,(308) 233-5953,4700 2nd Avenue,Kearney,United States,68847
Centro Plaza,(402) 303-3005,400 N 48th Street,Lincoln,United States,68504
L Street Marketplace,(402) 778-1218,12420 K Plaza,Omaha,United States,68137
Whispering Ridge,(402) 313-3170,17019 Evans Plaza,Omaha,United States,68116
Shadow Lake Towne Center,(402) 303-3002,7825 Towne Center Parkway Suite,Papillion,United States,68046
South Willow Shopping Center,(603) 623-9321,777 South Willow Street,Manchester,United States,03103
Nashua,(603) 888-0207,266 Daniel Webster Highway,Nashua,United States,03060
Portsmouth,(603) 431-4784,45 Gosling Road,Newington,United States,03801
Village Shoppes at Salem,(603) 212-0092,290 S Broadway,Salem,United States,03079
Seabrook Town Center,(603) 474-0852,700 Lafayette Rd,Seabrook,United States,03874
Audubon Crossings,(856) 310-0145,130 Black Horse Pike,Audubon,United States,08106
Plaza 42,(856) 227-1946,5851 New Jersey 42,Blackwood,United States,08012
Bricktown Plaza,(732) 477-1225,666 Route 70,Brick,United States,08732
Liberty Square Center,(609) 642-1209,2200 Mt Holly Road,Burlington,United States,08016
Hanover Crossroads,(973) 538-2521,110 East Hanover Ave,Cedar Knolls,United States,07927
Ellisburg Circle Shopping Center,(856) 428-4144,1598 North King's Highway,Cherry Hill,United States,08034
Clark Commons,(732) 381-0612,1255 Raritan Rd,Clark,United States,07066
Riverfront Center,(973) 470-9920,386 State Rt 3,Clifton,United States,07014
Hartford Corners,(856) 461-2386,1321 Fairview Blvd,Delran,United States,08075
Deptford Landing,(856) 686-6024,2000 Clements Bridge Road,Deptford,United States,08096
East Brunswick,(732) 254-1325,607 Route 18 South,East Brunswick,United States,08816
Castle Ridge Plaza,(973) 560-1100,384 Route 10,East Hanover,United States,07936
Shoppes at Flemington,(908) 806-4954,100 Reaville Ave,Flemington,United States,08822
Freehold Raceway Mall,(732) 837-0083,3710 U.S. 9,Freehold,United States,07728
Garfield Shopping Center,(973) 777-2759,174 Passaic Street,Garfield,United States,07026
Hamilton Marketplace,(609) 585-2652,300 Hamilton Marketplace Blvd.,Hamilton Township,United States,08691
Holmdel Town Center,(732) 671-3282,2101 New Jersey 35,Holmdel,United States,07733
Lanes Mill Marketplace,(732) 370-6581,4921 US Rt. 9,Howell,United States,07731
Kearny Plaza Shopping Center,(201) 991-3491,160 Passaic Ave,Kearny,United States,07032
Stafford Park Shopping Center,(609) 597-0035,231 Stafford Park Boulevard,Manahawkin,United States,08050
Manalapan,(732) 577-0326,15 US Hwy 9 South,Manalapan,United States,07726
Willow Ridge,(856) 983-0697,748B New Jersey 73,Marlton,United States,08053
Hamilton Commons,(609) 677-1740,4215 Black Horse Pike,Mays Landing,United States,08330
Union Lake Crossing,(856) 825-1333,2108 N. 2nd Street,Millville,United States,08332
Moorestown Mall,(856) 273-5981,440 New Jersey 38,Moorestown,United States,08057
Centerton Square Shopping Center,(856) 234-1605,64 Centerton Road,Mt. Laurel,United States,08054
Shoppes at North Brunswick,(732) 828-1764,781 Shoppes Boulevard,North Brunswick,United States,08902
Seaview Square,(732) 493-2708,2327 Nj-66,Ocean Township,United States,07712
Paramus Town Square,(201) 262-0893,240 North Route 17,Paramus,United States,07652
Nassau Park Pavilion,(609) 452-2060,221 Nassau Park Blvd,Princeton,United States,08540
Interstate Shopping Center,(201) 934-1260,106 Interstate Shopping Center,Ramsey,United States,07446
Somerville Circle Shopping Center,(908) 707-0400,300 US Highway 202,Raritan,United States,08869
Rio Grande Commons,(609) 465-7405,3201 Route 9 South,Rio Grande,United States,08242
Rockaway Town Plaza,(973) 366-2027,343 Mount Hope Avenue,Rockaway,United States,07866
Ocean Heights Shopping Center,(609) 927-4729,27 Bethel Road,Somers Point,United States,08244
Hadley Center II,(908) 791-5716,4920 Hadley Center Drive,South Plainfield,United States,07080
Springfield Shopping Center,(973) 379-7800,295 U.S. 22,Springfield Township,United States,07081
Toms River Center,(732) 281-1110,1 Route,Toms River,United States,08753
Cross Keys Commons,(856) 262-6234,3501 New Jersey 42,Turnersville,United States,08012
Waynechester Plaza,(973) 305-6668,1640 Route 23 North,Wayne,United States,07470
Wayne Towne Center,(973) 785-2309,76 Willowbrook Blvd,Wayne,United States,07470
Monmouth Consumer Square,(732) 389-2589,310 New Jersey 36,West Long Branch,United States,07764
Crosspointe Town Square,(732) 596-1616,25 Woodbridge Center Drive,Woodbridge,United States,07095
Crossgates Mall,(518) 869-1292,120 Washington Ave Ext P106,Albany,United States,12203
Colonie Center,(518) 282-0300,131 Colonie Center,Albany,United States,12205
Auburn Plaza,(315) 253-4579,217 Grant Avenue,Auburn,United States,13021
Town Center at Batavia,(585) 344-5613,4212 Veterans Memorial Drive,Batavia,United States,14020
Market at Bay Shore,(631) 665-0497,1851 Sunrise Highway,Bay Shore,United States,11706
Broadway Plaza,(718) 884-2316,171 West 230th Street,Bronx,United States,10463
Bay Plaza Shopping Center,(718) 671-1694,2156 Bartow Avenue,Bronx,United States,10475
Georgetown - Ralph Ave,(718) 241-5470,2183 Ralph Ave,Brooklyn,United States,11234
Gateway Center North,(718) 827-2507,470 Gateway Drive,Brooklyn,United States,11239
Kings Plaza Shopping Center,(718) 377-0148,5100 Avenue U,Brooklyn,United States,11234
949 Flatbush Avenue,(347) 435-0636,949 Flatbush Avenue,Brooklyn,United States,11226
Walden Consumer Square,(716) 895-1563,1730 Walden Avenue,Buffalo,United States,14225
Tops Plaza,(716) 447-8952,2141 Elmwood Avenue,Buffalo,United States,14207
Amherst Commons,(716) 833-3183,3050 Sheridan Drive,Buffalo,United States,14226
Eastgate Plaza,(716) 634-0416,5041 Transit Rd,Buffalo,United States,14221
Fairmount Fair,(315) 488-5607,3501-3577 West Genesee Street,Camillus,United States,13031
Widewaters Commons,(315) 699-7815,7954 Brewerton Road,Cicero,United States,13039
Veterans Memorial Plaza,(631) 202-1194,108 Veterans Memorial Hwy,Commack,United States,11725
Southern Commack Cosentino Commerce Center,(631) 858-0121,6 Garet Place,Commack,United States,11725
Airport Center,(631) 454-6934,230 Airport Plaza Blvd,Farmingdale,United States,11735
Meadowbrook Commons,(516) 548-1633,254 E Sunrise Hwy,Freeport,United States,11520
McKinley Plaza,(716) 822-2169,3540 McKinley Pkwy,Hamburg,United States,14219
The Hub,(516) 565-2670,142 Fulton Ave,Hempstead,United States,11550
Market Square,(585) 424-5834,720 Jefferson Road,Henrietta,United States,14623
Southern Tier Crossing,(607) 739-1940,1501-1506 County Road 64,Horseheads,United States,14845
Greenport Commons,(518) 828-4268,424 Fairview Ave,Hudson,United States,12534
South Meadow Square,(607) 277-0248,744 South Meadow Street,Ithaca,United States,14850
Johnson City Center,(607) 729-0614,420 Harry L Drive,Johnson City,United States,13790
Dena Marie Plaza,(845) 336-5123,920 Miron Ln,Kingston,United States,12401
Latham Farms,(518) 783-6325,579 Troy Schenectady Road,Latham,United States,12110
Nassau Mall,(516) 731-2962,3565 Hempstead Turnpike,Levittown,United States,11756
Shops at Northern,(718) 278-1940,34-41 48th Street,Long Island City,United States,11101
Galleria at Crystal Run,(845) 692-4756,1 Galleria Drive,Middletown,United States,10941
Mohegan Lake,(914) 528-0117,3123 E Main Street,Mohegan Lake,United States,10547
Nanuet,(845) 623-1942,56 Rockland Plaza,Nanuet,United States,10954
Consumer Square,(315) 736-1326,4801 Commercial Drive,New Hartford,United States,13413
Hillside Ave Shopping Center,(516) 326-2080,697 Hillside Ave,New Hyde Park,United States,11040
Richmond Shopping Center,(718) 698-1631,2845 Richmond Avenue,New York,United States,10314
Fifth Avenue,(212) 391-3841,530 Fifth Avenue,New York,United States,10036
La Salle Center,(716) 297-0191,1520 Military Road,Niagara Falls,United States,14304
Pelham Manor Shopping Center,(914) 738-3492,846 Pelham Parkway,Pelham,United States,10803
Poughkeepsie Galleria,(845) 297-2528,2001 South Road,Poughkeepsie,United States,12601
Van Rensselaer Square,(518) 283-0970,102 Van Rensselaer Square,Rensselaer,United States,12144
The Shops at Atlas Park,(718) 326-2052,8016 Cooper Avenue,Ridgewood,United States,11385
Saber Riverhead Shopping Center,(631) 369-2538,1785 Old Country Rd,Riverhead,United States,11901
Ridgemont Plaza,(585) 723-0165,2833 Ridge Road West,Rochester,United States,14626
The Shoppes at Wilton,(518) 584-6375,3072 Route 50,Saratoga Springs,United States,12866
Southport Shopping Center,(631) 281-0412,1017 Montauk Highway,Shirley,United States,11967
Hylan Commons,(718) 987-2708,2530 Hylan Blvd.,Staten Island,United States,10306
Destiny USA,(315) 424-0583,306 Hiawatha Boulevard West,Syracuse,United States,13290
Dewitt Commons,(315) 445-4028,3409 Erie Blvd E,Syracuse,United States,13214
Green Acres Commons,(516) 599-2835,750 Sunrise Highway,Valley Stream,United States,11580
Town Square Mall,(607) 797-2583,2505 Vestal Parkway East,Vestal,United States,13850
Victor Crossing,(585) 924-8444,423 Commerce Drive,Victor,United States,14564
Town Center at Watertown,(315) 779-7426,21854 Towne Center Drive,Watertown,United States,13601
Webster Towne Center,(585) 217-9546,913 Holt Road,Webster,United States,14580
Great South Bay,(631) 661-1201,943 West Montauk Hwy,West Babylon,United States,11704
Palisades Center,(845) 358-0341,3690 Palisades Center Dr,West Nyack,United States,10994
Westbury Plaza,(516) 222-2431,1260 Old Country Road,Westbury,United States,11590
Crossroads Shopping Center,(914) 287-6438,389 Tarrytown Road,White Plains,United States,10607
Central Plaza,(914) 874-5566,2642 Central Park Avenue,Yonkers,United States,10710
Beaver Creek Crossing,(919) 303-2954,1463 Beaver Creek Commons Drive,Apex,United States,27502
Randolph Mall,(336) 625-0001,1437 East Dixie Drive,Asheboro,United States,27203
Overlook Village,(828) 330-8407,80 S Tunnel Rd,Asheville,United States,28805
Alamance West,(336) 584-9348,1477 Boone Station Drive,Burlington,United States,27215
Crossroads Plaza,(919) 851-5674,233 Crossroads Blvd,Cary,United States,27518
Steele Creek Crossing,(704) 583-6386,12740 S. Tryon Street,Charlotte,United States,28273
Northcrest Shopping Center,(704) 596-6364,9733 Northlake Centre Parkway,Charlotte,United States,28216
Concord Mills,(704) 979-8706,8111 Concord Mills Blvd,Concord,United States,28027
New Hope Commons,(919) 403-3160,5432 New Hope Commons Drive,Durham,United States,27707
Fayetteville,(910) 424-0045,2710 Freedom Parkway Dr,Fayetteville,United States,28314
White Oak Crossings,(919) 779-3033,155 Shenstone Boulevard,Garner,United States,27529
Franklin Square,(704) 853-7912,3054 East Franklin Blvd,Gastonia,United States,28056
Friendly Center,(336) 218-5041,3104 Northline Avenue,Greensboro,United States,27408
Wendover Village,(336) 299-6753,4217 West Wendover Ave,Greensboro,United States,27407
University Commons,(252) 353-0060,3040 Evans Street,Greenville,United States,27834
Gateway Plaza,(910) 989-0029,1335 Western Blvd,Jacksonville,United States,28546
Sycamore Commons,(704) 841-8224,10530 Northeast Parkway H,Matthews,United States,28105
New Bern Marketplace,(252) 636-0772,3561 Doctor Martin Luther King Junior Boulevard,New Bern,United States,28562
Poyner Place,(919) 981-7371,5900 Poyner Anchor Lane,Raleigh,United States,27616
Pleasant Valley Promenade,(919) 783-6470,6234 - 116 Glenwood Avenue,Raleigh,United States,27612
Rowan Summit,(704) 639-7940,125 Tingle Drive,Salisbury,United States,28146
Heritage Crossing S.C,(252) 206-4963,3401 Raleigh Rd Pkwy West,Wilson,United States,27896
Winston Salem,(336) 774-8642,1048 Hanes Mall Blvd,Winston Salem,United States,27103
Oak Summit Shopping Center,(336) 377-3705,346 East Hanes Mill Road,Winston Salem,United States,27105
Marketplace at Four Corners,(330) 995-0017,7145 Market Place,Aurora,United States,44202
Avon Commons,(440) 937-0098,35852 Detroit Road,Avon,United States,44011
Boardman,(330) 758-3465,411 Boardman Poland Rd.,Boardman,United States,44512
Shoppes on South Main,(216) 282-0231,1111 South Main St,Bowling Green,United States,43402
Ridge Park Square,(216) 741-1452,4816 Ridge Road,Brooklyn,United States,44144
Guernsey Crossings,(740) 775-5515,1251 N Bridge St,Chillicothe,United States,45601
32 East Shopping Center,(513) 752-3121,700 Eastgate S Drive,Cincinnati,United States,45245
Sycamore Plaza,(513) 791-0584,7800 Montgomery Rd.,Cincinnati,United States,45236
Polaris Towne Center,(614) 436-3328,1355 Polaris Parkway,Columbus,United States,43240
Sun Center,(614) 798-2173,3624 Dublin Granville Road,Columbus,United States,43235
Easton Market,(614) 414-0135,3744 Easton Market,Columbus,United States,43219
Cuyahoga Falls,(330) 922-4039,375 Howe Ave.,Cuyahoga Falls,United States,44221
Beavercreek Plaza,(937) 429-9126,2500 N Fairfield Road,Dayton,United States,45431
South Town Center,(937) 439-2954,8250 Kingsridge Road,Dayton,United States,45459
West Market Plaza,(330) 665-3064,3879 Medina Road,Fairlawn,United States,44333
Westgate,(440) 331-3624,3040 Westgate Mall,Fairview Park,United States,44126
Bridgewater Falls,(513) 737-1563,3347 Princeton Road,Hamilton,United States,45011
Westpointe Plaza,(614) 529-6929,5432 Westpointe Plaza Drive,Hillard,United States,43026
North Heights Plaza,(937) 236-0196,8242 Old Troy Pike,Huber Heights,United States,45424
River Valley Plaza,(740) 371-3016,1356 River Valley Blvd,Lancaster,United States,43130
Lima Center,(419) 223-0013,2720 Elida Road,Lima,United States,45805
Macedonia Commons,(330) 932-2632,8210 Macedonia Commons Blvd,Macedonia,United States,44056
Ontario Towne Center,(419) 747-0000,2263 Walker Lake Road,Mansfield,United States,44903
Deerfield Towne Center,(513) 339-0064,5125 Deerfield Blvd,Mason,United States,45040
Eastgate Shopping Center,(440) 684-2755,1471 Som Center Road,Mayfield Heights,United States,44124
Creekside Commons,(440) 354-1433,9559 Mentor Avenue,Mentor,United States,44060
Belden Village,(330) 305-9418,5551 Dressler Rd NW,North Canton,United States,44720
Great Northern Plazas,(440) 716-8215,25931 Great Northern Shop Center,North Olmsted,United States,44070
The Shoppes at Parma,(440) 842-6608,7831 West Ridgewood,Parma,United States,44129
Pickerington Plaza,(614) 751-8635,10701 Blacklick Eastern Road,Pickerington,United States,43147
Crossroads Centre (7023),(419) 463-9861,9874 US-20,Rossford,United States,43460
Rivers Crossing,(513) 204-0124,494 Corwin Nixon Boulevard,South Lebanon,United States,45065
Springfield,(937) 327-9383,1680 N. Bechtle Avenue,Springfield,United States,45504
Stow Community Center,(330) 686-2091,4332 Kent Road,Stow,United States,44224
The Plaza at South Park,(440) 238-0025,16650 Royalton Road,Strongsville,United States,44136
Springfield Commons,(419) 865-5608,1430 S. Holland Sylvania Rd,Toledo,United States,43528
Franklin Place,(419) 841-2843,5233 Monroe St,Toledo,United States,43623
Howland Commons,(330) 505-8271,2102 Niles Cortland Rd,Warren,United States,44484
Harvard Park Shopping Center,(216) 378-2869,4051 Richmond Road,Warrensville Heights,United States,44122
Voice of America,(513) 755-3896,7584 Voice Of America Center Dr,West Chester,United States,45069
Hamilton Quarter,(614) 942-8887,5994 N. Hamilton Rd,Westerville,United States,43081
Wayne Towne Plaza,(330) 345-0071,3957 Burbank Road,Wooster,United States,44691
Colony Square Mall,(740) 453-3460,3575 Maple Avenue,Zanesville,United States,43701
Bryant Square Shopping Center,(405) 330-3437,318 S Bryant Ave,Edmond,United States,73034
Lawton Marketplace,(580) 297-6938,2006 NW 82nd St,Lawton,United States,73505
Three Rivers Plaza,(918) 309-5036,687 W Shawnee Bypass,Muskogee,United States,74401
Crossroads,(405) 681-2152,1419 SW 74th Street,Oklahoma City,United States,73159
Belle Isle Station,(405) 500-1449,1735 Belle Isle Blvd,Oklahoma City,United States,73118
Quail Springs Marketplace,(405) 749-6913,2230 W Memorial Rd,Oklahoma City,United States,73134
Shops at Moore,(405) 790-0507,2320 S Service Rd.,Oklahoma City,United States,73160
Westgate Marketplace,(405) 440-1086,6413 SW 3rd Street,Oklahoma City,United States,73127
Rockwell Plaza,(405) 728-1624,8325 N Rockwell Ave,Oklahoma City,United States,73132
Lakeview Pointe Shopping Center,(405) 743-4077,2110 North Perkins Road,Stillwater,United States,74075
Southroads Shopping Center,(918) 302-2835,5207 E 41st Street,Tulsa,United States,74135
Woodland Plaza,(918) 238-0033,8802 E 71st St,Tulsa,United States,74133
The Market at Czech Hall,(405) 324-2279,12444 Northwest 10th Street E,Yukon,United States,73099
Hamilton Crossings,(610) 366-1682,833 North Krocks Road,Allentown,United States,18106
Allentown,(610) 231-2072,928 Airport Center Drive,Allentown,United States,18109
Logan Towne Center,(814) 944-2897,214 Falon Lane,Altoona,United States,16602
Wynnewood Square,(610) 642-3781,266 East Lancaster Avenue,Ardmore,United States,19003
Butler Crossing,(724) 214-2413,730 Butler Crossing,Butler,United States,16001
Camp Hill Shopping Center,(717) 737-2137,120 South 32nd Street,Camp Hill,United States,17011
Chambersburg Crossing,(717) 262-2335,905 Norland Ave,Chambersburg,United States,17201
Providence Town Center,(610) 409-2712,40 Town Center Drive,Collegeville,United States,19426
Cranberry Square,(724) 742-1660,1000 Cranberry Square Drive,Cranberry,United States,16066
Kohl's Center,(570) 383-0407,3910 Commerce Boulevard,Dickson City,United States,18519
Brandywine Square,(610) 873-0470,1078 E. Lancaster Ave,Downingtown,United States,19335
Lower Nazareth Commons,(610) 253-4931,3875 Dryland Way,Easton,United States,18045
Millcreek Pavilion,(814) 866-1032,2088 Interchange Rd,Erie,United States,16565
The Court at Oxford Valley,(215) 547-2485,128 Commerce Blvd,Fairless Hills,United States,19030
Bucks Crossings,(215) 355-1545,95 East Street Road,Feasterville Trevose,United States,19053
Concordville Town Center,(610) 459-9970,200 Town Centre Drive,Glen Mills,United States,19342
Greengate Centre,(724) 837-5418,Greengate Center Circle Rt 30,Greensburg,United States,15601
Gateway Hanover,(717) 630-8499,51 Wilson Avenue,Hanover,United States,17331
Colonial Commons Shopping Center,(717) 652-3268,5082 Jonestown Road,Harrisburg,United States,17112
Shops at Richland,(814) 266-1675,210 Town Centre Drive,Johnstown,United States,15904
King of Prussia Mall,(610) 337-0280,640 W. Dekalb Pike,King of Prussia,United States,19406
Hawthorne Centre,(717) 581-1584,2068 Fruitville Pike,Lancaster,United States,17601
Mill Creek Square,(717) 296-2319,2350 Lincoln Hwy E,Lancaster,United States,17602
Levittown Town Center,(215) 945-1861,177 Levittown Parkway,Levittown,United States,19055
Donaldson Crossroads,(724) 941-1384,3959 Washington Road,McMurray,United States,15317
Township Marketplace,(724) 774-0912,115 Wagner Road,Monaca,United States,15061
Miracle Mile,(412) 372-1429,4088 William Penn Highway,Monroeville,United States,15146
Lycoming Crossings,(570) 546-7894,360 S. Lycoming Mall Road,Muncy,United States,17756
Edgmont Square Shopping Center,(610) 590-3078,4847 West Chester Pike,Newtown Square,United States,19073
Airport Square Shopping Center,(215) 855-0461,23 Airport Square,North Wales,United States,19454
Philadelphia Mills,(215) 637-1171,1161 Franklin Mills Circle,Philadelphia,United States,19154
Chestnut Street,(215) 575-1046,1529 Chestnut Street,Philadelphia,United States,19102
Cottman,(215) 745-3563,2133 Cottman Ave,Philadelphia,United States,19149
Aramingo Crossings,(215) 289-4301,2200 Wheatsheaf Lane,Philadelphia,United States,19137
Columbus Commons,(215) 463-1266,2250 S Columbus Blvd,Philadelphia,United States,19148
Bakers Centre,(215) 227-2190,2800 Fox Street,Philadelphia,United States,19132
Northeast Tower Center,(215) 288-4154,4640 E. Roosevelt Blvd.,Philadelphia,United States,19124
Market East,(215) 625-3940,701 Market Street,Philadelphia,United States,19106
Northeast Shopping Center,(215) 677-1085,9171 Roosevelt Blvd,Philadelphia,United States,19114
Settlers Ridge,(412) 787-3987,1010 Settlers Ridge Center Drive,Pittsburgh,United States,15205
North Hills Village,(412) 364-2758,4801 McKnight Road,Pittsburgh,United States,15237
Waterworks,(412) 781-2607,950-952 Freeport Road,Pittsburgh,United States,15238
Southland Four Seasons,(412) 653-3843,587 Clairton Blvd,Pleasant Hills,United States,15236
Metroplex,(610) 828-3792,2440 Chemical Road,Plymouth Meeting,United States,19462
Quakertown,(215) 536-7034,648 N West End Blvd,Quakertown,United States,18951
Exeter Commons,(610) 779-6051,4699 Perkiomen Ave,Reading,United States,19606
Monroe Marketplace,(570) 743-7004,388 Marketplace Boulevard,Selinsgrove,United States,17870
Marple Crossroads Shopping Center,(610) 328-7095,400 South State Rd,Springfield,United States,19064
Springfield Square,(610) 544-4295,965 Baltimore Pike,Springfield,United States,19064
Colonnade at State College,(814) 867-2615,339 Colonnade Boulevard,State College,United States,16803
Upland Square,(610) 326-3738,190 Upland Square Drive,Stowe,United States,19464
Shoppes at Stroud,(570) 424-0866,361 Charles Lane,Stroudsburg,United States,18360
Pittsburgh Mills,(724) 274-0764,1020 Village Center Drive,Tarentum,United States,15084
Towne Square Plaza,(610) 601-2875,4116 N 5th Street Highway,Temple,United States,19560
Widewaters Commons,(724) 439-4031,121 Matthew Drive,Uniontown,United States,15401
Warminster Towne Center,(215) 672-1056,978 W Street Rd,Warminster,United States,18974
The Old Mill,(724) 228-1758,72 Old Mill Boulevard,Washington,United States,15301
Gateway Shopping Center,(610) 964-1925,147 E. Swedesford Road,Wayne,United States,19087
Wayne Square,(610) 687-3927,309 Lancaster Ave,Wayne,United States,19087
Whitehall Mall,(610) 266-0254,1239 Whitehall Mall,Whitehall,United States,18052
Arena Hub Plaza,(570) 822-4460,491 Arena Hub Plaza,Wilkes Barre,United States,18702
Willow Grove Shopping Center,(215) 657-1129,114 Park Avenue,Willow Grove,United States,19090
Cheltenham Mall,(215) 884-1291,2401 West Cheltenham Ave.,Wyncote,United States,19095
Berkshire Mall,(610) 736-6948,1665 State Hill Road,Wyomissing,United States,19610
Delco Plaza,(717) 851-1061,1245 Carlisle Road,York,United States,17404
York Town Center,(717) 755-4008,2825 Concord Road,York,United States,17402
Lincoln Mall,(401) 334-2849,620 George Washington Highway,Lincoln,United States,02865
RK Plaza,(401) 849-4510,199 Connel Highway,Newport,United States,02840
Cowesett Corners,(401) 821-1860,300 Quaker Ln,Warwick,United States,02886
River Oaks Center,(803) 432-1721,2209 W Dekalb Rd.,Camden,United States,29020
Sparkleberry Square,(803) 462-2192,10136 Two Notch Road,Columbia,United States,29204
Harbison Court Shopping Center,(803) 749-3538,256 Harbison Boulevard,Columbia,United States,29212
Magnolia Mall,(843) 667-6041,2701 David H McLeod Boulevard,Florence,United States,29501
The Shops at Greenridge,(864) 254-0933,1125 Woodruff Road,Greenville,United States,29607
Piedmont Marketplace,(864) 879-0119,1316 Wade Hampton Boulevard West,Greer,United States,29650
Promenade at Carolina Reserve,(803) 548-4813,7796 Charlotte Highway,Indian Land,United States,29707
Wando Crossing,(843) 388-1928,1483 N Hwy 17,Mount Pleasant,United States,29465
Hartwell Village,(864) 653-7769,13370 Clemson Boulevard,Seneca,United States,29678
Dorman Centre,(864) 595-4849,120 Dorman Centre Dr,Spartanburg,United States,29301
Gateway Plaza,(803) 369-3897,1308 Broad Street,Sumter,United States,29150
Bartlett Towne Center,(901) 388-8653,6025 Stage Road,Bartlett,United States,38134
Cool Springs Pointe,(615) 370-9638,1620 Galleria Blvd.,Brentwood,United States,37027
The Terrace at Hamilton Place,(423) 251-8016,2040 Hamilton Place Blvd,Chattanooga,United States,37421
The Shoppes at Austin,(931) 551-9414,2710 Wilma Rudolph Boulevard,Clarksville,United States,37040
The Shoppes at Bradley Square,(423) 476-4429,300 Paul Huff Parkway NW,Cleveland,United States,37312
Shoppes at Eagle Pointe,(931) 559-3483,1265 Interstate Drive,Cookeville,United States,38501
Germantown Village Square,(901) 757-7998,7724 Poplar Avenue,Germantown,United States,38138
Greeneville Commons,(423) 787-2173,1355 Tusculum Blvd,Greeneville,United States,37745
Merchant Pointe,(615) 826-1534,217 India Lake Blvd,Hendersonville,United States,37075
West Towne Commons,(731) 660-6108,127 Stonebrook Place,Jackson,United States,38305
Johnson City Crossing,(423) 283-0131,3211 Peoples Street,Johnson City,United States,37604
East Stone Commons,(423) 247-0206,2003 North Eastman Road,Kingsport,United States,37660
Pavillion of Turkey Creek,(865) 671-5176,11018 Parkside Drive,Knoxville,United States,37934
Northwest Crossing,(865) 350-9129,6745 Clinton Hwy,Knoxville,United States,37912
Maryville Commons,(865) 983-8301,736 Watkins Road,Maryville,United States,37801
Memphis Commons Shopping Center,(901) 266-1327,8055 Giacosa Place,Memphis,United States,38133
Eastgate Shopping Center,(901) 422-7723,5100 Park Avenue,Memphis,United States,38117
Millington Farms,(901) 872-2250,8540 US Highway 51 N,Millington,United States,38053
College Square Mall,(423) 586-3794,2550 Morris Blvd,Morristown,United States,37813
Towne Center,(615) 867-2107,2047 Old Fort Pkwy,Murfreesboro,United States,37129
Opry Mills,(615) 932-2412,389 Opry Mills Drive,Nashville,United States,37214
Nashville West Shopping Center,(615) 353-7234,6716 Charlotte Pike,Nashville,United States,37209
Ridley Pointe Shopping Center,(615) 220-0986,500 Genie Lane,Smyrna,United States,37167
Abilene Village,(325) 692-0230,3534 S. Clack Street,Abilene,United States,79606
The Village at Allen,(469) 327-7305,190 E Stacy Rd. #2650,Allen,United States,75002
The Shops at Arbor Walk,(737) 205-2390,10515 N Mopac Expy,Austin,United States,78759
Mueller Shopping Center,(512) 480-2292,1201 Barbara Jordan Blvd,Austin,United States,78723
Burleson Crossing,(512) 308-9807,753A Hwy 71 West,Bastrop,United States,78602
Parkdale Mall,(409) 898-1413,6155 Eastex Fwy,Beaumont,United States,77706
Sunrise Commons,(956) 542-2109,2760 Pablo Kisel Blvd,Brownsville,United States,78526
Gateway Station,(817) 295-5953,1165 N Burleson Blvd,Burleson,United States,76028
Pleasant Run Towne Crossing,(972) 291-5062,727 N Highway 67,Cedar Hill,United States,75104
Lakeline Plaza,(512) 258-1646,11066 Pecan Park Boulevard,Cedar Park,United States,78613
College Station,(979) 485-0944,717 Texas Avenue South,College Station,United States,77840
336 Marketplace,(936) 274-7050,243 S Loop 336 W,Conroe,United States,77304
Copperfield Village Shopping Center,(281) 463-0679,7055 Highway 6 North,Copperfield,United States,77095
Whiterock Marketplace,(214) 660-9254,11255 Garland Rd,Dallas,United States,75218
Wheatland Towne Crossing,(972) 780-6182,3450 Bainbridge Drive,Dallas,United States,75237
Prestonwood Town Center,(972) 851-7964,5301 Belt Line Road,Dallas,United States,75244
Northpark High Point Crossing,(469) 232-4400,6411 East Northwest Highway,Dallas,United States,75231
Rayzor Ranch Marketplace,(940) 387-8746,2640 W University Dr,Denton,United States,76201
The Shoppes at Rio Grande Valley,(956) 316-4755,339 E Trenton Rd,Edinburg,United States,78539
Bassett Place,(915) 200-0523,1117 Geronimo Dr Suite B,El Paso,United States,79925
El Paseo Marketplace,No Found,1842-A Joe Battle Blvd,El Paso,United States,79936
West Towne Marketplace,(915) 615-4053,6450 Desert Blvd N,El Paso,United States,79912
Dyer St,(915) 615-4042,9484 Dyer St,El Paso,United States,79924
Glades Park,(817) 571-4924,2901 Rio Grande Boulevard,Euless,United States,76039
Robertson's Creek,(972) 539-5037,5801 Long Prairie Road,Flower Mound,United States,75028
Overton Park Plaza,(817) 570-9072,4820 SW Loop 820,Fort Worth,United States,76109
Lake Worth Towne Crossing,(817) 238-1895,6598 Lake Worth Blvd,Fort Worth,United States,76135
Alliance Town Center,(817) 741-4116,9348 Sage Meadow Trail,Fort Worth,United States,76177
Chisholm Trail Ranch,(817) 785-8490,5633 Sierra Springs Lane,Fort Worth,United States,76123
The Centre at Preston Ridge,(214) 618-2381,3333 Preston Road,Frisco,United States,75034
Granbury,(817) 579-9030,1420 E Highway 377,Granbury,United States,76048
Lake Prairie Towne,(972) 352-4168,5240 South State Highway 360,Grand Prairie,United States,75052
Grapevine Mills,(972) 874-2548,3000 Grapevine Mills Parkway,Grapevine,United States,76051
Market Heights Shopping Center,(254) 680-3852,201 East Central Texas Expressway,Harker Heights,United States,76548
Harlingen Corners Shopping Center,(956) 412-0755,2827 West Expressway 83,Harlingen,United States,78552
Almeda Crossing,(713) 943-1905,10007 Almeda Genoa,Houston,United States,77075
Westchase Shopping Center,(713) 266-2225,11043 Westheimer Road,Houston,United States,77042
Northwest Marketplace,(713) 895-9326,13762 Northwest Freeway,Houston,United States,77040
Westlake Marketplace,(281) 436-1869,14365 E Sam Houston Pkwy N,Houston,United States,77044
Willowbrook Plaza,(281) 970-0312,17355 Tomball Pkwy,Houston,United States,77064
Village at West Oaks,(281) 531-0347,2306 Highway 6 South,Houston,United States,77077
Cypress Pointe,(281) 985-5531,380 fm 1960 w,Houston,United States,77090
Northline Commons,(713) 691-7925,4444 North Fwy,Houston,United States,77022
New Forest Crossing II,(281) 459-4260,6025 East Sam Houston Parkway North,Houston,United States,77049
Southway Shopping Center,(713) 772-1873,8020 S. Gessner Road,Houston,United States,77036
Reliant Shops at 3 Corners,(713) 660-0543,8232 Kirby Drive,Houston,United States,77054
Hedwig Village,(713) 827-4719,9403 Katy Freeway,Houston,United States,77024
Meyerland Plaza Mall,(346) 237-4945,250 Meyerland Plaza,Houston,United States,77096
Humblewood Shopping Center,(281) 540-7014,19659 U.S. 59,Humble,United States,77338
The Shops at Northeast,(817) 590-9294,864 North East Mall Blvd,Hurst,United States,76053
Irving Market Center,(972) 255-9291,3913 W Airport Freeway,Irving,United States,75062
Greentree Shopping Center,(281) 829-9503,445 S Fry Rd,Katy,United States,77450
Katy Mills,(281) 574-0299,5000 Katy Mills Circle,Katy,United States,77494
Rio Norte,(956) 795-1759,5410 San Bernardo Avenue,Laredo,United States,78041
League City Town Center,(281) 309-9326,3120 Gulf Freeway South,League City,United States,77573
Vista Ridge Village,(214) 488-3857,2325 S Stemmons Fwy,Lewisville,United States,75067
Lewisville Towne Crossing,(214) 469-1801,4750 Texas 121,Lewisville,United States,75056
Mansfield Town Center,(817) 473-2154,2041 U.S. 287 Frontage Road,Mansfield,United States,76063
Cameron Crossing,(214) 592-0417,1751 N Central Expy,McKinney,United States,75071
Marketplace at Town Center,(972) 279-1776,19161 LBJ Freeway,Mesquite,United States,75150
Sharyland Town Crossing,(956) 686-7017,2515 East Expressway 83,Mission,United States,78572
Riverstone Shopping Center,(281) 261-3081,5754 Highway 6,Missouri City,United States,77459
New Braunfels Center at Creekside,(830) 620-5315,251 Creekside Crossing,New Braunfels,United States,78130
Fairway Plaza Shopping Center,(281) 991-1649,5786 Fairmont Pkwy,Pasadena,United States,77505
Center at Pearland Parkway,(281) 997-7739,2650 Pearland Parkway,Pearland,United States,77581
Stone Hill Town Center,(512) 989-9549,19000 Limestone Commercial Dr.,Pflugerville,United States,78660
Pharr Towne  Center,(956) 781-8737,500 North Jackson Road D1,Pharr,United States,78577
Gates of Prosper,(972) 347-9148,1121 S Preston Road,Prosper,United States,75078
Bella Terra Shopping Center,(281) 239-3278,5450 West Grand Parkway South,Richmond,United States,77406
Rockwall Crossing,(972) 722-4012,1047 E. Interstate 30,Rockwall,United States,75032
Brazos Town Center,(281) 232-7146,24101 Brazos Town Crossing,Rosenberg,United States,77471
University Oaks Shopping Center,(512) 310-8440,201 University Oaks Boulevard,Round Rock,United States,78665
Sunset Plaza Shopping Center,(325) 400-2480,4161 Sunset Drive,San Angelo,United States,76904
Terrell Plaza,(210) 829-5389,1247 Austin Highway,San Antonio,United States,78209
Plaza Del Norte,(210) 541-0025,125 Northwest Loop 410,San Antonio,United States,78216
Arbor Park Shopping Center,(210) 404-9708,17700 San Pedro Avenue,San Antonio,United States,78232
Allison's Corner Shopping Center,(210) 927-4864,2720 SW Military Dr,San Antonio,United States,78224
Dove Creek at 1604 & Pontranco,(210) 667-2280,415 W. Loop 1604 S,San Antonio,United States,78253
Alamo Ranch,(210) 688-0128,5511 NW Loop 1604,San Antonio,United States,78253
The Rim,(210) 558-2095,5815 Worth Parkway,San Antonio,United States,78257
Westover Shopping Center,(210) 521-2769,8331 State Hwy 151,San Antonio,United States,78245
Stone Creek Crossing,(512) 392-0441,600 Barnes Drive,San Marcos,United States,78666
The Woodlands,(936) 320-0563,"19075 I-45 S, Suite 108",Shenandoah,United States,77385
Sherman Commons,(903) 421-0173,4121 North US Highway 75,Sherman,United States,75090
Grand Parkway Marketplace,(832) 717-0218,6600 Spring Stuebner Rd,Spring,United States,77389
Fountains on the Lake,(281) 240-0635,12692 Fountain Lake Circle,Stafford,United States,77477
Colony Square,(281) 565-8059,16750A Southwest Fwy,Sugar Land,United States,77479
Sunset Valley Homestead,(512) 899-2719,5207 Brodie Lane,Sunset Valley,United States,78745
Temple Towne Center,(254) 771-4254,2112 SW H K Dodgen Loop,Temple,United States,76504
Crossroads at Terrell,(972) 551-7037,640 American Way,Terrell,United States,75160
Tomball Marketplace,(281) 516-4781,14375 FM 2920,Tomball,United States,77375
Village at Cumberland Park,(903) 939-0807,8942 South Broadway Avenue,Tyler,United States,75703
Central Texas Market Place,(254) 662-9667,4633 Jack Kultgen Freeway,Waco,United States,76706
Watauga Pavilion,(817) 514-1917,7620 Denton Hwy,Watauga,United States,76148
Waxahachie Marketplace,(972) 937-2706,1700 N. Highway 77,Waxahachie,United States,75165
Weatherford Ridge,(817) 594-7384,325 Adams Drive,Weatherford,United States,76086
Baybrook Square,(281) 316-5947,1209 W Bay Area Blvd,Webster,United States,77598
Quail Creek Crossing,(940) 691-0245,3201 Lawrence Rd,Wichita Falls,United States,76308
Woodbridge Crossing,(972) 442-1181,3420 Farm To Market Road 544,Wylie,United States,75098
Plaza at Landmark,(703) 256-1293,6198 Little River Tpke,Alexandria,United States,22312
Mt. Vernon Plaza,(703) 768-2101,7678 Richmond Highway,Alexandria,United States,22306
Greenbriar Towne Center,(703) 378-2148,13036 Lee Jackson Memorial Highway,Chantilly,United States,22033
Rio Hill Shopping Center,(434) 975-0161,1790 Rio Hill Center,Charlottesville,United States,22901
Chesapeake Greenbrier Square,(757) 494-8713,1501 Sentinel Drive,Chesapeake,United States,23320
Hancock Village,(804) 739-8547,14623 Hancock Village Street,Chesterfield,United States,23832
New River Valley,(540) 382-3958,155 Shoppers Way Northwest,Christiansburg,United States,24073
Southpark Mall,(804) 526-1949,328 Southpark Circle,Colonial Heights,United States,23834
Dulles Landing,(571) 349-3854,24630 Dulles Landing Dr,Dulles,United States,20166
Fair City Mall,(703) 323-6294,9650-48 Main Street,Fairfax,United States,22031
Central Park Plaza,(540) 785-2827,1386 Carl D. Silver Parkway,Fredericksburg,United States,22401
Massaponax  Cosner Corners,(540) 834-5595,9771 Jeff Davis Highway,Fredericksburg,United States,22408
Gainesville,(571) 261-2757,5055 Wellington Rd,Gainesville,United States,20155
Short Pump Station,(804) 360-9411,11331 West Broad Street,Glen Allen,United States,23060
Virginia Center,(804) 266-4943,9921 Brook Road,Glen Allen,United States,23059
Ft. Evans Plaza,(571) 258-1540,530 Fort Evans Road Northeast B,Leesburg,United States,20176
Wards Crossing West,(434) 237-2560,475-A Simons Run,Lynchburg,United States,24502
Marketplace at Tech Center,(757) 249-2569,12080 Jefferson Avenue,Newport News,United States,23606
Chesterfield Town Center Plaza,(804) 794-0094,11350 Midlothian Turnpike,Richmond,United States,23235
"White Oak Village, Richmond",(804) 226-1733,4501 S Laburnum Ave,Richmond,United States,23231
Towne Square,(540) 362-1789,1397 Towne Square Blvd,Roanoke,United States,24012
Springfield Town Center,(703) 922-1724,6551 Springfield Mall,Springfield,United States,22150
Stafford,(540) 720-1568,1130 Stafford Marketplace,Stafford,United States,22556
Potomac Run Plaza,(703) 421-9430,46301 Potomac Run Plaza,Sterling,United States,20164
Hampton Road Crossing,(757) 484-0309,1011 University Blvd,Suffolk,United States,23435
Hilltop Plaza,(757) 428-1708,1725 Laskin Road,Virginia Beach,United States,23454
Landstown Commons,(757) 368-4220,3300 Princess Anne Road,Virginia Beach,United States,23453
Columbus Village,(757) 552-7068,4485 Virginia Beach Boulevard,Virginia Beach,United States,23462
Settlers Market,(757) 229-1469,5225 Settlers Market Blvd,Williamsburg,United States,23188
Winchester Station,(540) 667-5264,2420 S. Pleasant Valley Rd,Winchester,United States,22601
Potomac Mills Mall,(703) 492-7930,2700 Potomac Mills Circle,Woodbridge,United States,22192
Dakota Crossing,(202) 526-4390,2482 Market Street,Washington,United States,20018
DC USA,(202) 319-3584,3100 NW 14th St,Washington,United States,20010
Martinsburg,(304) 262-3694,296 Retail Commons Parkway,Martinsburg,United States,25403
University Towne Center,(304) 598-3480,1070 Giant Street,Morgantown,United States,26501
Grand Central Mall,(304) 422-5183,850 Grand Central Avenue,Vienna,United States,26105
The Shoppes at The Corridor,(262) 208-1028,295 Discovery Drive,Brookfield,United States,53045
84 South,(414) 427-1810,8400 W Layton Ave,Greenfield,United States,53228
Menards Redevelopment,(608) 758-1673,2700 Pontiac Place,Janesville,United States,53545
Whitney Square,(608) 403-3562,690 Whitney Way,Madison,United States,53711
Whitestone Station,(262) 251-4225,N91W16121 Falls Parkway,Menomonee Falls,United States,53051
Point Loomis,(414) 643-6309,3551 S 27th St,Milwaukee,United States,53221
West Allis Towne Center,(414) 257-2344,6768 W Greenfield Ave,Milwaukee,United States,53214
Market Fair Shopping Center,(920) 235-0498,1520 S. Koeller St.,Oshkosh,United States,54902
Village Center,(262) 619-0427,5630 Washington Avenue,Racine,United States,53406
Deerfield Trace Shopping Center,(920) 208-2881,4127 State Highway 28,Sheboygan Falls,United States,53085
Prairie Lakes Shopping Center,(608) 318-8752,435 S Legacy Way,Sun Prairie,United States,53590
Shoppes at Fox River,(262) 574-5070,1110 West Sunset Drive,Waukesha,United States,53189
